{
  "access_token": "t-g1048ubCLQDHPNIJIYEBZ4TU4RRQOOGE7KJ32VXS",
  "expires_in": 7200,
  "expires_at": 1756532324.7942657,
  "created_at": 1756525124.7942662
}